{
	"num_age_groups":5,
	"num_risk_groups":1,
	"beta_baseline": 1,
	"humidity_impact": 0.0,
	"inf_induced_saturation": 0.7,
	"inf_induced_immune_wane": 0.0002,
	"vax_induced_saturation": 0.2,
	"vax_induced_immune_wane": 0.004,
	"inf_induced_inf_risk_reduce": 0.8,
	"inf_induced_hosp_risk_reduce": 0.87,
	"inf_induced_death_risk_reduce": 0.0,
	"vax_induced_inf_risk_reduce": 0.68,
	"vax_induced_hosp_risk_reduce": 0.68,
	"vax_induced_death_risk_reduce": 0.0,
	"R_to_S_rate": 0.02,
	"E_to_I_rate": 0.2,
	"IP_to_IS_rate": 1.1,
	"ISH_to_H_rate": 0.27,
	"ISR_to_R_rate": 0.5,
	"IA_to_R_rate": 0.43,
	"HR_to_R_rate": 0.17,
	"HD_to_D_rate": 0.17,
	"E_to_IA_prop": 0.3,
	"IP_relative_inf": 2.22,
	"IA_relative_inf": 1.03,
	"relative_suscept":
		[[1.0],
		[1.0],
		[1.0],
		[1.0],
		[1.0]],
	"ISH_to_HD_prop": [[0.0132],
					   [0.0099],
					   [0.0295],
					   [0.0594],
					   [0.0802]],
	"IP_to_ISH_prop": [[0.00697],
					   [0.00274],
					   [0.00561],
					   [0.0106],
					   [0.0909]],
	"total_contact_matrix":
	[[ 1.41415435,  2.37024572,  3.83356137,  0.71327459,  0.35347632],
       [ 1.00728934, 10.60466906,  4.14690412,  1.08705454,  0.40621624],
       [ 0.70293355,  1.76839296,  7.78559557,  2.11908831,  0.55215071],
       [ 0.33809671,  1.19880912,  5.48841938,  3.16470291,  0.76774731],
       [ 0.27421269,  0.7469776 ,  2.39706181,  1.21965752,  2.01500593]],
	"school_contact_matrix": [[0, 0, 0, 0, 0],
							[0, 0, 0, 0, 0],
							[0, 0, 0, 0, 0],
							[0, 0, 0, 0, 0],
							[0, 0, 0, 0, 0]],
	"work_contact_matrix": [[0, 0, 0, 0, 0],
							[0, 0, 0, 0, 0],
							[0, 0, 0, 0, 0],
							[0, 0, 0, 0, 0],
							[0, 0, 0, 0, 0]]
}